{
  "n_particles": 60,
  "rho_p": 1200.0,
  "rho_liq": 1000.0,
  "nu": 0.00089,
  "CFL": 0.7,
  "h": 0.00075
}